id,filename,org,doc,year,url,topic,pages
61,ss-Vitamin C for preventing and treating the common cold.pdf,Cochrane 协作网,Vitamin C for preventing and treating the common cold,2013,https://www.cochranelibrary.com/cdsr/doi/10.1002/14651858.CD000980.pub4/full,膳食补充剂与保健品,3-22
62,ss-Omega-3 fatty acids for the primary and secondary prevention of cardiovascular disease.pdf,Cochrane 协作网,Omega-3 fatty acids for the primary and secondary prevention of cardiovascular disease,2020,https://www.cochranelibrary.com/cdsr/doi/10.1002/14651858.CD003177.pub5/full,膳食补充剂与保健品,29-63
63,ss-Polyunsaturated fatty acids for prevention and treatment of diseases of the heart and circulation.pdf,Cochrane 协作网,Polyunsaturated fatty acids for prevention and treatment of diseases of the heart and circulation,2018,https://www.cochranelibrary.com/cdsr/doi/10.1002/14651858.CD012345.pub2/,膳食补充剂与保健品,18-43
64,ss-Glucosamine therapy for treating osteoarthritis.pdf,Cochrane 协作网,Glucosamine therapy for treating osteoarthritis,2008,https://www.cochranelibrary.com/cdsr/doi/10.1002/14651858.CD002946.pub2/abstract,膳食补充剂与保健品,4-19
65,ss-Chondroitin for osteoarthritis.pdf,Cochrane 协作网,Chondroitin for osteoarthritis,2015,https://www.cochranelibrary.com/cdsr/doi/10.1002/14651858.CD005614.pub2/full,膳食补充剂与保健品,8-48
66,ss-Co-enzyme Q10 supplementation for the primary prevention of cardiovascular disease.pdf,Cochrane 协作网,Co-enzyme Q10 supplementation for the primary prevention of cardiovascular disease,2014,https://www.cochranelibrary.com/cdsr/doi/10.1002/14651858.CD010405.pub2/full,膳食补充剂与保健品,3-15
67,"ss-Vitamin D, Calcium, or Combined Supplementation for the Primary Prevention of Fractures in Community-Dwelling Adults： Pr.pdf",USPSTF,"Vitamin D, Calcium, or Combined Supplementation for the Primary Prevention of Fractures in Community-Dwelling Adults: Preventive Medication",2024,https://www.uspreventiveservicestaskforce.org/uspstf/recommendation/vitamin-d-calcium-or-combined-supplementation-for-the-primary-prevention-of-fractures-in-adults-preventive-medication#fullrecommendationstart,膳食补充剂与保健品,1-11
68,ss-Vitamin Supplementation to Prevent Cardiovascular Disease and Cancer： Preventive Medication.pdf,USPSTF,Vitamin Supplementation to Prevent Cardiovascular Disease and Cancer: Preventive Medication,2022,https://www.uspreventiveservicestaskforce.org/uspstf/recommendation/vitamin-supplementation-to-prevent-cvd-and-cancer-preventive-medication,膳食补充剂与保健品,1-14
69,ss-Final Evidence Summary： Vitamin Supplementation to Prevent Cardiovascular Disease and Cancer.pdf,USPSTF,Final Evidence Summary: Vitamin Supplementation to Prevent Cardiovascular Disease and Cancer,2022,https://www.uspreventiveservicestaskforce.org/uspstf/document/final-evidence-summary/vitamin-supplementation-to-prevent-cvd-and-cancer-preventive-medication,膳食补充剂与保健品,1-24
70,ss-AGA Clinical Practice Guidelines on the Role of Probiotics in the Management of Gastrointestinal Disorders.pdf,AGA,AGA Clinical Practice Guidelines on the Role of Probiotics in the Management of Gastrointestinal Disorders,2020,https://pubmed.ncbi.nlm.nih.gov/32531291/,膳食补充剂与保健品,1-8
71,ss-Dietary Supplements for Eye Conditions.pdf,NIH / NCCIH,Dietary Supplements for Eye Conditions,2023,https://www.nccih.nih.gov/health/providers/digest/dietary-supplements-for-eye-conditions,膳食补充剂与保健品,3-10
72,ss-Age-Related Eye Disease Studies (AREDS／AREDS2).pdf,NIH / NEI,Age-Related Eye Disease Studies (AREDS/AREDS2),2022,https://www.nei.nih.gov/eye-health-information/clinical-trials/age-related-eye-disease-studies-aredsareds2/about-areds-and-areds2,膳食补充剂与保健品,1-5
73,ss-Melatonin ／ Melatonin side effects： What are the risks？.pdf,Mayo Clinic,Melatonin / Melatonin side effects: What are the risks?,2022,https://www.mayoclinic.org/healthy-lifestyle/adult-health/expert-answers/melatonin-side-effects/faq-20057874,膳食补充剂与保健品,1-3
74,ss-银杏 (Ginkgo).pdf,Mayo Clinic,银杏 (Ginkgo),2023,https://www.mayoclinic.org/zh-hans/drugs-supplements-ginkgo/art-20362032,膳食补充剂与保健品,1-3
75,ss-Milk thistle ／ Self-care for fatty liver disease (MASLD).pdf,Mayo Clinic,Milk thistle / Self-care for fatty liver disease (MASLD),2023,https://www.mayoclinic.org/drugs-supplements-milk-thistle/art-20362885,膳食补充剂与保健品,1-3
76,ss-Red yeast rice.pdf,Mayo Clinic,Red yeast rice,2023,https://www.mayoclinic.org/drugs-supplements-red-yeast-rice/art-20363074,膳食补充剂与保健品,1-3
77,ss-Grape Seed Extract.pdf,NIH / NCCIH,Grape Seed Extract,2020,https://www.nccih.nih.gov/health/grape-seed-extract,膳食补充剂与保健品,1-3
78,ss-Red wine and resveratrol： Good for your heart？.pdf,Mayo Clinic,Red wine and resveratrol: Good for your heart?,2026,https://www.mayoclinic.org/diseases-conditions/heart-disease/in-depth/red-wine/art-20048281,膳食补充剂与保健品,1-5
79,ss-Momordica charantia for type 2 diabetes mellitus.pdf,Cochrane 协作网,Momordica charantia for type 2 diabetes mellitus,2012,https://www.cochranelibrary.com/cdsr/doi/10.1002/14651858.CD007845.pub3/information/pl,膳食补充剂与保健品,3-16
80,ss-Sexual Enhancement and Energy Product Notifications.pdf,FDA,Sexual Enhancement and Energy Product Notifications,2026,https://www.fda.gov/drugs/medication-health-fraud-notifications/sexual-enhancement-and-energy-product-notifications,膳食补充剂与保健品,1-3
81,ss-Folic Acid Supplementation to Prevent Neural Tube Defects： Preventive Medication.pdf,USPSTF,Folic Acid Supplementation to Prevent Neural Tube Defects: Preventive Medication,2023,https://www.uspreventiveservicestaskforce.org/uspstf/recommendation/folic-acid-for-the-prevention-of-neural-tube-defects-preventive-medication,膳食补充剂与保健品,1-9
82,ss-Folic acid supplementation for stroke prevention： A systematic review and meta-analysis of 21 randomized clinical trials.pdf,PubMed (期刊研究),Folic acid supplementation for stroke prevention: A systematic review and meta-analysis of 21 randomized clinical trials worldwide,2023,https://pubmed.ncbi.nlm.nih.gov/38824900/,膳食补充剂与保健品,
83,ss-Do collagen supplements fulfill their promises？.pdf,Harvard Health,Do collagen supplements fulfill their promises?,2025,https://www.health.harvard.edu/healthy-aging-and-longevity/do-collagen-supplements-fulfill-their-promises,膳食补充剂与保健品,1-10
84,ss-Garlic for the common cold.pdf,Cochrane 协作网,Garlic for the common cold,2014,https://www.cochranelibrary.com/cdsr/doi/10.1002/14651858.CD006206.pub4/full,膳食补充剂与保健品,1-2
85,ss-Dietary Supplements for Weight Loss - Consumer Fact Sheet.pdf,NIH / ODS,Dietary Supplements for Weight Loss - Consumer Fact Sheet,2024,https://ods.od.nih.gov/factsheets/WeightLoss-Consumer/,膳食补充剂与保健品,3-11
86,ss-Amylase／lipase／pancrelipase／protease (oral route) - Side effects & dosage.pdf,Mayo Clinic,Amylase/lipase/pancrelipase/protease (oral route) - Side effects & dosage,2024,https://www.mayoclinic.org/drugs-supplements/amylase-lipase-pancrelipase-protease-oral-route/description/drg-20065293,膳食补充剂与保健品,1-12
87,ss-Wheat grass - About Herbs.pdf,MSKCC,Wheat grass - About Herbs,2023,https://www.mskcc.org/cancer-care/integrative-medicine/herbs/wheat-grass,膳食补充剂与保健品,1-12
88,ss-Astaxanthin Influence on Health Outcomes of Adults at Risk of Metabolic Syndrome： A Systematic Review and Meta-Analysis.pdf,Nutrients (PubMed),Astaxanthin Influence on Health Outcomes of Adults at Risk of Metabolic Syndrome: A Systematic Review and Meta-Analysis,2022,https://pubmed.ncbi.nlm.nih.gov/35631193/,膳食补充剂与保健品,1-5
89,ss-Systemic Glutathione as a Skin-Whitening Agent in Adult.pdf,Dermatol Res Pract (PubMed),Systemic Glutathione as a Skin-Whitening Agent in Adult,2020,https://pubmed.ncbi.nlm.nih.gov/32373172/,膳食补充剂与保健品,1-15
90,jf-WHO advises not to use non-sugar sweeteners for weight control in newly released guideline.pdf,世界卫生组织 (WHO),WHO advises not to use non-sugar sweeteners for weight control in newly released guideline,2023,https://www.who.int/news/item/15-05-2023-who-advises-not-to-use-non-sugar-sweeteners-for-weight-control-in-newly-released-guideline,减肥与代谢,1-6
91,jf-Intermittent fasting for adults with overweight or obesity.pdf,Cochrane Database of Systematic Reviews,Intermittent fasting for adults with overweight or obesity,2024,https://www.cochranelibrary.com/cdsr/doi/10.1002/14651858.CD015610.pub2/abstract,减肥与代谢,1-2
92,jf-Negative-calorie foods still count.pdf,Academy of Nutrition and Dietetics,Negative-calorie foods still count,2023,https://www.eatright.org/health/wellness/diet-trends/negative-calorie-foods-still-count,减肥与代谢,3-16
93,jf-A systematic review and meta-analysis of the effectiveness of meal replacements for weight loss.pdf,PubMed (Obesity Reviews),A systematic review and meta-analysis of the effectiveness of meal replacements for weight loss,2019,https://pubmed.ncbi.nlm.nih.gov/30675990/,减肥与代谢,1-2
94,jf-Green tea for weight loss and weight maintenance in overweight or obese adults.pdf,Cochrane Database of Systematic Reviews,Green tea for weight loss and weight maintenance in overweight or obese adults,2012,https://www.cochrane.org/evidence/CD008650_green-tea-weight-loss-and-weight-maintenance-overweight-or-obese-adults,减肥与代谢,1-18
95,jf-Low-carbohydrate diets or balanced-carbohydrate diets： which works better for weight loss and heart disease？.pdf,Cochrane Database of Systematic Reviews,Low-carbohydrate diets or balanced-carbohydrate diets: which works better for weight loss and heart disease?,2022,https://www.cochrane.org/evidence/CD013334_low-carbohydrate-diets-or-balanced-carbohydrate-diets-which-works-better-weight-loss-and-heart,减肥与代谢,1-2
96,jf-Apple cider vinegar for weight loss.pdf,Mayo Clinic (妙佑医疗国际),Apple cider vinegar for weight loss,2024,https://www.mayoclinic.org/healthy-lifestyle/weight-loss/expert-answers/apple-cider-vinegar-for-weight-loss/faq-20058394,减肥与代谢,1-4
97,jf-Dietary Supplements for Weight Loss (Fact Sheet for Consumers).pdf,NIH 膳食补充剂办公室 (ODS),Dietary Supplements for Weight Loss (Fact Sheet for Consumers),2023,https://ods.od.nih.gov/pdf/factsheets/WeightLoss-Consumer.pdf,减肥与代谢,1-2
98,jf-Weight loss after pregnancy： Reclaiming your body.pdf,Mayo Clinic (妙佑医疗国际),Weight loss after pregnancy: Reclaiming your body,2017,https://newsnetwork.mayoclinic.org/discussion/womens-wellness-breast-feeding-and-weight-loss/,减肥与代谢,1-7
99,jf-肥胖症诊疗指南（2024年版）.pdf,国家卫健委,肥胖症诊疗指南（2024年版）,2024,https://www.nhc.gov.cn/ylyjs/zcwj/202412/75cb79c171c94def9e768193e65484f7/files/1736390749000_59785.pdf,减肥与代谢,1-3
100,jf-中国居民膳食指南（2022） (中国营养学会).pdf,中国营养学会,中国居民膳食指南（2022）,2022,http://dg.cnsoc.org/article/04/J4-AsD_DR3OLQMnHG0-jZA.html,减肥与代谢,1-30
101,jf-“Detoxes” and “Cleanses”： What You Need To Know.pdf,NIH 国家补充与整合卫生中心 (NCCIH),“Detoxes” and “Cleanses”: What You Need To Know,2019,https://www.nccih.nih.gov/health/detoxes-and-cleanses-what-you-need-to-know,减肥与代谢,1-369
102,jf-Spilling the Beans： How Much Caffeine is Too Much？.pdf,美国食品药品监督管理局 (FDA),Spilling the Beans: How Much Caffeine is Too Much?,2023,https://www.fda.gov/consumers/consumer-updates/spilling-beans-how-much-caffeine-too-much,减肥与代谢,1-6
103,jf-Clinical Practice Guideline for the Evaluation and Treatment of Children and Adolescents With Obesity.pdf,美国儿科学会 (AAP),Clinical Practice Guideline for the Evaluation and Treatment of Children and Adolescents With Obesity,2023,https://www.hscsnhealthplan.org/sites/default/files/Obesity%20-%20AAP%202023%20CPG%20for%20the%20Eval%20%26%20Tx%20of%20Children%20%26%20Adolescents%20with%20Obesity.pdf,减肥与代谢,1-4
104,jf-Bariatric Surgery Side Effects.pdf,NIH 国家糖尿病与消化及肾脏疾病研究所 (NIDDK),Bariatric Surgery Side Effects,2015,https://www.niddk.nih.gov/health-information/weight-management/bariatric-surgery/side-effects,减肥与代谢,1-73
105,jf-Acupuncture for Treatment of Obesity： An Umbrella Review.pdf,PubMed (JAMA Network Open),Acupuncture for Treatment of Obesity: An Umbrella Review,2024,https://pubmed.ncbi.nlm.nih.gov/41071083/,减肥与代谢,1-2
106,jf-Effects of fasted vs fed-state exercise on performance and post-exercise metabolism： A systematic review and meta-analys.pdf,PubMed (Scand J Med Sci Sports),Effects of fasted vs fed-state exercise on performance and post-exercise metabolism: A systematic review and meta-analysis,2018,https://pubmed.ncbi.nlm.nih.gov/29315892/,减肥与代谢,1-9
107,jf-Impact of Meal Frequency on Anthropometric Outcomes： A Systematic Review and Network Meta-Analysis of Randomized Control.pdf,PubMed (Advances in Nutrition),Impact of Meal Frequency on Anthropometric Outcomes: A Systematic Review and Network Meta-Analysis of Randomized Controlled Trials,2020,https://pubmed.ncbi.nlm.nih.gov/32437566/,减肥与代谢,1-18
108,jf-Dietary fats： Know which types to choose.pdf,Mayo Clinic (妙佑医疗国际),Dietary fats: Know which types to choose,2024,https://www.mayoclinic.org/healthy-lifestyle/nutrition-and-healthy-eating/in-depth/fat/art-20045550,减肥与代谢,1-15
109,jf-Metabolism and weight loss： How you burn calories.pdf,Mayo Clinic (妙佑医疗国际),Metabolism and weight loss: How you burn calories,2026,https://www.mayoclinic.org/healthy-lifestyle/weight-loss/in-depth/metabolism/art-20046508,减肥与代谢,1-5
110,jf-How to choose the right weight loss program for your lifestyle.pdf,Mayo Clinic (妙佑医疗国际),How to choose the right weight loss program for your lifestyle,2025,https://diet.mayoclinic.org/us/blog/2025/how-to-choose-the-right-weight-loss-program-for-your-lifestyle/,减肥与代谢,1-4
111,jf-Top 10 workout myths.pdf,Mayo Clinic (妙佑医疗国际),Top 10 workout myths,2020,https://newsnetwork.mayoclinic.org/discussion/mayo-clinic-q-and-a-top-10-workout-myths/,减肥与代谢,1-7
112,jf-Liposuction.pdf,Mayo Clinic (妙佑医疗国际),Liposuction,2024,https://www.mayoclinic.org/tests-procedures/liposuction/about/pac-20384586,减肥与代谢,1-4
113,jf-Effect of breakfast on weight and energy intake： systematic review and meta-analysis of randomised controlled trials.pdf,BMJ (英国医学杂志),Effect of breakfast on weight and energy intake: systematic review and meta-analysis of randomised controlled trials,2019,https://pmc.ncbi.nlm.nih.gov/articles/PMC6352874/,减肥与代谢,1-2
114,"jf-Dietary Supplements Marketed for Weight Loss, Bodybuilding, and Sexual Enhancement：What the Science Says.pdf",NIH 国家补充与整合卫生中心 (NCCIH),"Dietary Supplements Marketed for Weight Loss, Bodybuilding, and Sexual Enhancement：What the Science Says",2022,https://www.nccih.nih.gov/health/providers/digest/dietary-supplements-marketed-for-weight-loss-bodybuilding-and-sexual-enhancement-science,减肥与代谢,1-32
115,jf-Physical Activity and Your Weight.pdf,美国疾病控制与预防中心 (CDC),Physical Activity and Your Weight,2023,https://www.cdc.gov/healthy-weight-growth/physical-activity/index.html,减肥与代谢,1-7
116,yy-Foods and Drinks to Avoid or Limit.pdf,美国疾病控制与预防中心 (CDC),Foods and Drinks to Avoid or Limit,2026,yy-Foods and Drinks to Avoid or Limit.pdf,婴幼儿喂养儿童用药疫苗犹豫,1-3
117,yyr-Foods and Drinks to Encourage.pdf,美国疾病控制与预防中心 (CDC),Foods and Drinks to Encourage,2026,https://www.cdc.gov/infant-toddler-nutrition/foods-and-drinks/foods-and-drinks-to-encourage.html,婴幼儿喂养儿童用药疫苗犹豫,1-3
118,yyr-Vitamin D.pdf,美国疾病控制与预防中心 (CDC),Vitamin D,2022,https://www.cdc.gov/breastfeeding-special-circumstances/hcp/diet-micronutrients/vitamin-d.html,婴幼儿喂养儿童用药疫苗犹豫,1-3
119,yyr-Breastfeeding (Fact Sheet).pdf,世界卫生组织 (WHO),Breastfeeding (Fact Sheet),2023,https://www.who.int/health-topics/breastfeeding,婴幼儿喂养儿童用药疫苗犹豫,1-2
120,yyr-中国婴幼儿喂养指南（2022）.pdf,中国营养学会 (CNS),中国婴幼儿喂养指南（2022）,2022,http://dg.cnsoc.org/article/04/gc5cUak3RhSGheqSaRljnA.html,婴幼儿喂养儿童用药疫苗犹豫,1-3
121,yyr-7~24月龄婴幼儿喂养指南.pdf,中国营养学会 (CNS),7~24月龄婴幼儿喂养指南,2015,http://dg.cnsoc.org/article/04/8a2389fd5520b4f30155a5d4d78621c4.html,婴幼儿喂养儿童用药疫苗犹豫,1-2
122,"yyr-Fruit Juice in Infants, Children, and Adolescents.pdf",美国儿科学会 (AAP),"Fruit Juice in Infants, Children, and Adolescents",2017,https://publications.aap.org/pediatrics/article/139/6/e20170967/38754/Fruit-Juice-in-Infants-Children-and-Adolescents,婴幼儿喂养儿童用药疫苗犹豫,1-2
123,yyr-Cow's Milk and Milk Alternatives.pdf,美国疾病控制与预防中心 (CDC),Cow's Milk and Milk Alternatives,2026,https://www.cdc.gov/infant-toddler-nutrition/foods-and-drinks/cows-milk-and-milk-alternatives.html,婴幼儿喂养儿童用药疫苗犹豫,1-5
124,yyr-A Baby-Led Approach to Eating Solids and Risk of Choking.pdf,Pediatrics (美国儿科学会期刊),A Baby-Led Approach to Eating Solids and Risk of Choking,2016,https://pubmed.ncbi.nlm.nih.gov/27647715/,婴幼儿喂养儿童用药疫苗犹豫,1-2
125,yyr-Early additional food and fluids for healthy breastfed full-term infants.pdf,Cochrane Library,Early additional food and fluids for healthy breastfed full-term infants,2018,https://www.cochrane.org/evidence/CD006462_early-additional-food-and-fluids-healthy-breastfed-full-term-infants,婴幼儿喂养儿童用药疫苗犹豫,1-7
126,yyr-Nutrient-enriched formula versus standard formula for preterm infants following hospital discharge.pdf,Cochrane Library,Nutrient-enriched formula versus standard formula for preterm infants following hospital discharge,2017,https://www.cochranelibrary.com/cdsr/doi/10.1002/14651858.CD004696.pub5/full,婴幼儿喂养儿童用药疫苗犹豫,1-2
127,yyr-Early versus late refeeding for children with acute diarrhoea.pdf,Cochrane Library,Early versus late refeeding for children with acute diarrhoea,2011,https://pubmed.ncbi.nlm.nih.gov/21735409/,婴幼儿喂养儿童用药疫苗犹豫,3-22
128,yyr-Combined and alternating paracetamol and ibuprofen therapy for febrile children.pdf,Cochrane Library,Combined and alternating paracetamol and ibuprofen therapy for febrile children,2013,https://www.cochranelibrary.com/cdsr/doi/10.1002/14651858.CD009572.pub2/full,婴幼儿喂养儿童用药疫苗犹豫,3-31
129,yyr-Febrile Seizures.pdf,美国儿科学会 (HealthyChildren),Febrile Seizures,2025,https://www.healthychildren.org/English/health-issues/conditions/fever/Pages/Febrile-Seizures.aspx,婴幼儿喂养儿童用药疫苗犹豫,3-46
130,yyr-小朋友发热了吗？（基于中国儿童单期急性发热专家共识）.pdf,中华医学会 (CMA),小朋友发热了吗？（基于中国儿童单期急性发热专家共识）,2024,https://www.cma.org.cn/art/2024/6/6/art_4584_56918.html,婴幼儿喂养儿童用药疫苗犹豫,1-2
131,yyr-Use Caution When Giving Cough and Cold Products to Kids.pdf,美国食品药品监督管理局 (FDA),Use Caution When Giving Cough and Cold Products to Kids,2023,https://www.fda.gov/drugs/safe-use-over-counter-otc-medicines-children/use-caution-when-giving-cough-and-cold-products-kids,婴幼儿喂养儿童用药疫苗犹豫,1-2
132,yyr-Preventing and Managing Common Cold.pdf,美国疾病控制与预防中心 (CDC),Preventing and Managing Common Cold,2024,https://www.cdc.gov/common-cold/media/pdfs/2024/04/CommonCold_fact_sheet_508.pdf,婴幼儿喂养儿童用药疫苗犹豫,1-3
133,yyr-Probiotics for the Management of Pediatric Gastrointestinal Disorders.pdf,欧洲儿童胃肠肝病营养学会 (ESPGHAN),Probiotics for the Management of Pediatric Gastrointestinal Disorders,2022,https://afpa.org/content/uploads/2025/01/J-pediatr-gastroenterol-nutr-2022-Szajewska-Probiotics-for-the-Management-of-Pediatric-Gastrointestinal-Disorders.pdf,婴幼儿喂养儿童用药疫苗犹豫,1-2
134,yyr-Probiotics for the management of functional abdominal pain disorders in children.pdf,Cochrane Library,Probiotics for the management of functional abdominal pain disorders in children,2021,https://www.cochranelibrary.com/cdsr/doi/10.1002/14651858.CD012849.pub2/full,婴幼儿喂养儿童用药疫苗犹豫,1-12
135,yyr-糖皮质激素雾化吸入疗法在儿科应用的专家共识.pdf,中华医学会 (CMA),糖皮质激素雾化吸入疗法在儿科应用的专家共识,2018,https://ts-cms.jundaodsj.com/file/162581288861309.pdf,婴幼儿喂养儿童用药疫苗犹豫,3-97
136,"yyr-Vaccines for measles, mumps, rubella, and varicella in children.pdf",Cochrane Library,"Vaccines for measles, mumps, rubella, and varicella in children",2020,https://www.cochranelibrary.com/cdsr/doi/10.1002/14651858.CD004407.pub4/full,婴幼儿喂养儿童用药疫苗犹豫,1-4
137,yyr-Multiple Vaccines at Once.pdf,美国疾病控制与预防中心 (CDC),Multiple Vaccines at Once,2024,https://www.cdc.gov/vaccine-safety/about/multiples.html,婴幼儿喂养儿童用药疫苗犹豫,5-426
138,yyr-Thimerosal and Vaccines.pdf,美国疾病控制与预防中心 (CDC),Thimerosal and Vaccines,2020,https://archive.cdc.gov/www_cdc_gov/vaccinesafety/concerns/thimerosal/index.html,婴幼儿喂养儿童用药疫苗犹豫,1-3
139,"yyr-Vaccines Before, During, and After Pregnancy.pdf",美国疾病控制与预防中心 (CDC),"Vaccines Before, During, and After Pregnancy",2024,https://www.cdc.gov/vaccines-pregnancy/moms-to-be/index.html,婴幼儿喂养儿童用药疫苗犹豫,1-3
140,yyr-Tdap Vaccination During Pregnancy.pdf,美国疾病控制与预防中心 (CDC),Tdap Vaccination During Pregnancy,2025,https://www.cdc.gov/pertussis/vaccines/tdap-vaccination-during-pregnancy.html,婴幼儿喂养儿童用药疫苗犹豫,1-2
141,yyr-Principles of Vaccination.pdf,美国疾病控制与预防中心 (CDC),Principles of Vaccination,2024,https://www.cdc.gov/pinkbook/hcp/table-of-contents/chapter-1-principles-of-vaccination.html,婴幼儿喂养儿童用药疫苗犹豫,1-3
142,yyr-Chickenpox (Varicella) Clinical Overview.pdf,美国疾病控制与预防中心 (CDC),Chickenpox (Varicella) Clinical Overview,2024,https://www.cdc.gov/chickenpox/hcp/clinical-overview/index.html,婴幼儿喂养儿童用药疫苗犹豫,1-3
143,yyr-狂犬病暴露后处置工作规范（2023年版）.pdf,国家卫生健康委员会 (NHC),狂犬病暴露后处置工作规范（2023年版）,2023,https://html.rhhz.net/zhlxbx/20231001.htm,婴幼儿喂养儿童用药疫苗犹豫,1-5
144,yyr-Rabies Fact Sheet.pdf,世界卫生组织 (WHO),Rabies Fact Sheet,2024,https://www.who.int/news-room/fact-sheets/detail/rabies,婴幼儿喂养儿童用药疫苗犹豫,1-8
145,az-Common Cancer Myths and Misconceptions.pdf,美国国家癌症研究所 (NCI),Common Cancer Myths and Misconceptions,2024,https://www.cancer.gov/about-cancer/causes-prevention/risk/myths,癌症预防/防癌谣言,1-7
146,az-Common Cancer Myths and Misconceptions-2.pdf,美国国家癌症研究所 (NCI),Common Cancer Myths and Misconceptions,2024,https://www.cancer.gov/about-cancer/causes-prevention/risk/myths,癌症预防/防癌谣言,1-5
147,az-Cancer treatment myths.pdf,梅奥医学中心 (Mayo Clinic),Cancer treatment myths,2024,https://www.mayoclinic.org/zh-hans/tests-procedures/cancer-treatment/in-depth/cancer/art-20046762,癌症预防/防癌谣言,1-5
148,az-科学饮水重在适量、适时和卫生（新闻发布会文字实录）.pdf,中华人民共和国国家卫生健康委员会 (NHC),科学饮水重在适量、适时和卫生（新闻发布会文字实录）,2024,https://www.nhc.gov.cn/wjw/c100365/hdjl_xwfbh_detail.shtml?id=fef443462d894a7f9c5f57dd6b509d1f,癌症预防/防癌谣言,1-5
149,az-Common Cancer Myths and Misconceptions-3.pdf,美国国家癌症研究所 (NCI),Common Cancer Myths and Misconceptions,2024,https://www.cancer.gov/about-cancer/causes-prevention/risk/myths,癌症预防/防癌谣言,1-9
150,az-Common Cancer Myths and Misconceptions-4.pdf,美国国家癌症研究所 (NCI),Common Cancer Myths and Misconceptions,2024,https://www.cancer.gov/about-cancer/causes-prevention/risk/myths,癌症预防/防癌谣言,1-5
151,az-Common Cancer Myths and Misconceptions-5.pdf,美国国家癌症研究所 (NCI),Common Cancer Myths and Misconceptions,2024,https://www.cancer.gov/about-cancer/causes-prevention/risk/myths,癌症预防/防癌谣言,1-5
152,az-Fluoridated Water and Cancer Risk.pdf,美国国家癌症研究所 (NCI),Fluoridated Water and Cancer Risk,2022,https://www.cancer.gov/about-cancer/causes-prevention/risk/myths/fluoridated-water-fact-sheet,癌症预防/防癌谣言,1-5
153,"az-Systematic review of the association between dietary acid load, alkaline water and cancer.pdf",PubMed / BMJ Open,"Systematic review of the association between dietary acid load, alkaline water and cancer",2016,https://pubmed.ncbi.nlm.nih.gov/27297008/,癌症预防/防癌谣言,1-4
154,az-Green tea (Camellia sinensis) for the prevention of cancer.pdf,Cochrane 协作网库 (Cochrane Library),Green tea (Camellia sinensis) for the prevention of cancer,2020,https://www.cochranelibrary.com/cdsr/doi/10.1002/14651858.CD005004.pub3/full,癌症预防/防癌谣言,1-4
155,az-Common Cancer Myths and Misconceptions-6.pdf,美国国家癌症研究所 (NCI),Common Cancer Myths and Misconceptions,2024,https://www.cancer.gov/about-cancer/causes-prevention/risk/myths,癌症预防/防癌谣言,4-280
156,az-Common Cancer Myths and Misconceptions-7.pdf,美国国家癌症研究所 (NCI),Common Cancer Myths and Misconceptions,2024,https://www.cancer.gov/about-cancer/causes-prevention/risk/myths,癌症预防/防癌谣言,1-5
157,az-Antiperspirants／Deodorants and Breast Cancer.pdf,美国国家癌症研究所 (NCI),Antiperspirants/Deodorants and Breast Cancer,2024,https://www.cancer.gov/about-cancer/causes-prevention/risk/myths/antiperspirants-fact-sheet,癌症预防/防癌谣言,1-5
158,az-食用大豆是否会增加我患乳腺癌的风险？.pdf,梅奥医学中心 (Mayo Clinic),食用大豆是否会增加我患乳腺癌的风险？,2024,https://www.mayoclinic.org/zh-hans/healthy-lifestyle/nutrition-and-healthy-eating/expert-answers/soy-breast-cancer-risk/faq-20120377,癌症预防/防癌谣言,1-3
159,az-Hair Dyes and Cancer Risk.pdf,美国国家癌症研究所 (NCI),Hair Dyes and Cancer Risk,2020,https://www.cancer.gov/about-cancer/causes-prevention/risk/substances/hair-dyes-fact-sheet,癌症预防/防癌谣言,1-2
160,az-IARC Monographs Q&A on the carcinogenicity of the consumption of red meat and processed meat.pdf,世界卫生组织国际癌症研究机构 (IARC/WHO),IARC Monographs Q&A on the carcinogenicity of the consumption of red meat and processed meat,2015,https://www.iarc.who.int/wp-content/uploads/2018/11/Monographs-QA_Vol114.pdf,癌症预防/防癌谣言,1-3
161,az-Intravenous Vitamin C (PDQ®)–Patient Version.pdf,美国国家癌症研究所 (NCI),Intravenous Vitamin C (PDQ®)–Patient Version,2024,https://www.cancer.gov/about-cancer/treatment/cam/patient/vitamin-c-pdq,癌症预防/防癌谣言,1-5
162,az-Aspartame hazard and risk assessment results released.pdf,世界卫生组织 (WHO),Aspartame hazard and risk assessment results released,2023,https://www.who.int/news/item/14-07-2023-aspartame-hazard-and-risk-assessment-results-released,癌症预防/防癌谣言,1-7
163,az-Association between constipation and colorectal cancer： systematic review and meta-analysis of observational studies.pdf,PubMed / Am J Gastroenterol,Association between constipation and colorectal cancer: systematic review and meta-analysis of observational studies,2013,https://pubmed.ncbi.nlm.nih.gov/23481143/,癌症预防/防癌谣言,1-3
164,az-About Herbs： Dandelion.pdf,纪念斯隆-凯特琳癌症中心 (MSKCC),About Herbs: Dandelion,2024,https://www.mskcc.org/cancer-care/integrative-medicine/herbs/dandelion,癌症预防/防癌谣言,1-8
165,az-Microwaving food in plastic： Dangerous or not？.pdf,哈佛医学院健康出版社 (Harvard Health Publishing),Microwaving food in plastic: Dangerous or not?,2021,https://www.health.harvard.edu/healthy-aging-and-longevity/microwaving-food-in-plastic-dangerous-or-not,癌症预防/防癌谣言,1-5
166,"az-Rumors, Myths, and Truths.pdf",美国癌症协会 (ACS),"Rumors, Myths, and Truths",2024,https://pressroom.cancer.org/index.php?s=20296,癌症预防/防癌谣言,1-3
167,az-Miracle cancer cures： Ask for evidence.pdf,英国癌症研究中心 (Cancer Research UK),Miracle cancer cures: Ask for evidence,2013,https://news.cancerresearchuk.org/2013/09/13/miracle-cancer-cures-ask-for-evidence/,癌症预防/防癌谣言,1-2
168,az-Skip the Antibacterial Soap; Use Plain Soap and Water.pdf,美国食品药品监督管理局 (FDA),Skip the Antibacterial Soap; Use Plain Soap and Water,2016,https://www.fda.gov/consumers/consumer-updates/skip-antibacterial-soap-use-plain-soap-and-water,癌症预防/防癌谣言,3-13
169,az-Teflon and Perfluorooctanoic Acid (PFOA).pdf,美国癌症协会 (ACS),Teflon and Perfluorooctanoic Acid (PFOA),2024,https://www.cancer.org/cancer/risk-prevention/chemicals/teflon-and-perfluorooctanoic-acid-pfoa.html,癌症预防/防癌谣言,1-2
170,az-Antioxidants and Cancer Prevention.pdf,美国国家癌症研究所 (NCI),Antioxidants and Cancer Prevention,2017,https://www.cancer.gov/about-cancer/causes-prevention/risk/diet/antioxidants-fact-sheet,癌症预防/防癌谣言,2-5
171,az-Garlic consumption and colorectal cancer risk in US adults： a large prospective cohort study.pdf,NCI (CDAS) / Frontiers in Nutrition,Garlic consumption and colorectal cancer risk in US adults: a large prospective cohort study,2023,https://cdas.cancer.gov/publications/1810/,癌症预防/防癌谣言,1-6
172,az-Tobacco： E-cigarettes Q&A.pdf,世界卫生组织 (WHO),Tobacco: E-cigarettes Q&A,2024,https://www.who.int/news-room/questions-and-answers/item/tobacco-e-cigarettes,癌症预防/防癌谣言,1-2
173,az-Aristolochic Acids Fact Sheet.pdf,美国国家癌症研究所 (NCI),Aristolochic Acids Fact Sheet,2022,https://www.cancer.gov/about-cancer/causes-prevention/risk/substances/aristolochic-acids,癌症预防/防癌谣言,1-3
181,who-Appropriate complementary feeding.pdf,WHO (世界卫生组织),Appropriate complementary feeding,,https://www.who.int/tools/elena/interventions/complementary-feeding,WHO营养干预,1-2
182,who-Assessment for nutrition-related disorders in women during pregnancy.pdf,WHO (世界卫生组织),Assessment for nutrition-related disorders in women during pregnancy,,https://www.who.int/tools/elena/interventions/assessment-methods-pregnancy,WHO营养干预,
183,who-Balanced energy and protein supplementation during pregnancy.pdf,WHO (世界卫生组织),Balanced energy and protein supplementation during pregnancy,,https://www.who.int/tools/elena/interventions/energy-protein-pregnancy,WHO营养干预,
184,who-Breastfeeding education for increased breastfeeding duration.pdf,WHO (世界卫生组织),Breastfeeding education for increased breastfeeding duration,,https://www.who.int/tools/elena/interventions/breastfeeding-education,WHO营养干预,
185,who-Calcium supplementation before pregnancy for the prevention of pre-eclampsia and its complications.pdf,WHO (世界卫生组织),Calcium supplementation before pregnancy for the prevention of pre-eclampsia and its complications,,https://www.who.int/tools/elena/interventions/calcium-prepregnancy,WHO营养干预,
186,who-Calcium supplementation during pregnancy to reduce the risk of pre-eclampsia.pdf,WHO (世界卫生组织),Calcium supplementation during pregnancy to reduce the risk of pre-eclampsia,,https://www.who.int/tools/elena/interventions/calcium-pregnancy,WHO营养干预,
187,who-Continued breastfeeding for healthy growth and development of children.pdf,WHO (世界卫生组织),Continued breastfeeding for healthy growth and development of children,,https://www.who.int/tools/elena/interventions/continued-breastfeeding,WHO营养干预,
188,who-Creating an environment in care facilities that supports breastfeeding.pdf,WHO (世界卫生组织),Creating an environment in care facilities that supports breastfeeding,,https://www.who.int/tools/elena/interventions/breastfeeding-care-facilities,WHO营养干预,
189,who-Daily iron and folic acid supplementation during pregnancy.pdf,WHO (世界卫生组织),Daily iron and folic acid supplementation during pregnancy,,https://www.who.int/tools/elena/interventions/daily-iron-pregnancy,WHO营养干预,
190,who-Daily iron supplementation in adult women and adolescent girls.pdf,WHO (世界卫生组织),Daily iron supplementation in adult women and adolescent girls,,https://www.who.int/tools/elena/interventions/daily-iron-women,WHO营养干预,
191,who-Daily iron supplementation in children 24–59 months of age.pdf,WHO (世界卫生组织),Daily iron supplementation in children 24–59 months of age,,https://www.who.int/tools/elena/interventions/iron-children-24to59,WHO营养干预,
192,who-Daily iron supplementation in children 6-23 months of age.pdf,WHO (世界卫生组织),Daily iron supplementation in children 6-23 months of age,,https://www.who.int/tools/elena/interventions/iron-children-6to23,WHO营养干预,
193,who-Daily iron supplementation in children and adolescents 5–12 years of age.pdf,WHO (世界卫生组织),Daily iron supplementation in children and adolescents 5–12 years of age,,https://www.who.int/tools/elena/interventions/iron-children-5to12,WHO营养干预,
194,who-Early initiation of breastfeeding to promote exclusive breastfeeding.pdf,WHO (世界卫生组织),Early initiation of breastfeeding to promote exclusive breastfeeding,,https://www.who.int/tools/elena/interventions/early-breastfeeding,WHO营养干预,
195,"who-Exclusive breastfeeding for optimal growth, development and health of infants.pdf",WHO (世界卫生组织),"Exclusive breastfeeding for optimal growth, development and health of infants",,https://www.who.int/tools/elena/interventions/exclusive-breastfeeding,WHO营养干预,
196,who-Exclusive breastfeeding to reduce the risk of childhood overweight and obesity.pdf,WHO (世界卫生组织),Exclusive breastfeeding to reduce the risk of childhood overweight and obesity,,https://www.who.int/tools/elena/interventions/breastfeeding-childhood-obesity,WHO营养干预,
197,who-Feeding of infants unable to breastfeed directly in care facilities.pdf,WHO (世界卫生组织),Feeding of infants unable to breastfeed directly in care facilities,,https://www.who.int/tools/elena/interventions/breastfeeding-inability,WHO营养干预,
198,who-High-protein supplementation during pregnancy.pdf,WHO (世界卫生组织),High-protein supplementation during pregnancy,,https://www.who.int/tools/elena/interventions/high-protein-pregnancy,WHO营养干预,
199,who-Increasing fruit and vegetable consumption to reduce the risk of noncommunicable diseases.pdf,WHO (世界卫生组织),Increasing fruit and vegetable consumption to reduce the risk of noncommunicable diseases,,https://www.who.int/tools/elena/interventions/fruit-vegetables-ncds,WHO营养干预,
200,who-Increasing potassium intake to control blood pressure in children.pdf,WHO (世界卫生组织),Increasing potassium intake to control blood pressure in children,,https://www.who.int/tools/elena/interventions/potassium-bp-children,WHO营养干预,
201,who-Increasing potassium intake to reduce blood pressure and risk of cardiovascular diseases in adults.pdf,WHO (世界卫生组织),Increasing potassium intake to reduce blood pressure and risk of cardiovascular diseases in adults,,https://www.who.int/tools/elena/interventions/potassium-cvd-adults,WHO营养干预,
202,who-Intermittent iron and folic acid supplementation during pregnancy.pdf,WHO (世界卫生组织),Intermittent iron and folic acid supplementation during pregnancy,,https://www.who.int/tools/elena/interventions/intermittent-iron-pregnancy,WHO营养干预,
203,who-Intermittent iron and folic acid supplementation in adult women and adolescent girls.pdf,WHO (世界卫生组织),Intermittent iron and folic acid supplementation in adult women and adolescent girls,,https://www.who.int/tools/elena/interventions/iron-women,WHO营养干预,
204,who-Intermittent iron supplementation in preschool and school-age children.pdf,WHO (世界卫生组织),Intermittent iron supplementation in preschool and school-age children,,https://www.who.int/tools/elena/interventions/iron-intermittent-children,WHO营养干预,
205,who-Iodine supplementation in pregnant and lactating women.pdf,WHO (世界卫生组织),Iodine supplementation in pregnant and lactating women,,https://www.who.int/tools/elena/interventions/iodine-pregnancy,WHO营养干预,
206,who-Iron supplementation with or without folic acid to reduce the risk of postpartum anaemia.pdf,WHO (世界卫生组织),Iron supplementation with or without folic acid to reduce the risk of postpartum anaemia,,https://www.who.int/tools/elena/interventions/iron-postpartum,WHO营养干预,
207,who-Limiting portion sizes to reduce the risk of childhood overweight and obesity.pdf,WHO (世界卫生组织),Limiting portion sizes to reduce the risk of childhood overweight and obesity,,https://www.who.int/tools/elena/interventions/portion-childhood-obesity,WHO营养干预,
208,who-Marine oil supplementation during pregnancy.pdf,WHO (世界卫生组织),Marine oil supplementation during pregnancy,,https://www.who.int/tools/elena/interventions/fish-oil-pregnancy,WHO营养干预,
209,who-Multiple micronutrient powders for point-of-use fortification of foods consumed by children 2–12 years of age.pdf,WHO (世界卫生组织),Multiple micronutrient powders for point-of-use fortification of foods consumed by children 2–12 years of age,,https://www.who.int/tools/elena/interventions/micronutrientpowder-children,WHO营养干预,
210,who-Multiple micronutrient powders for point-of-use fortification of foods consumed by children 6–23 months of age.pdf,WHO (世界卫生组织),Multiple micronutrient powders for point-of-use fortification of foods consumed by children 6–23 months of age,,https://www.who.int/tools/elena/interventions/micronutrientpowder-infants,WHO营养干预,
211,who-Multiple micronutrient powders for point-of-use fortification of foods consumed by pregnant women.pdf,WHO (世界卫生组织),Multiple micronutrient powders for point-of-use fortification of foods consumed by pregnant women,,https://www.who.int/tools/elena/interventions/micronutrientpowder-pregnancy,WHO营养干预,
212,who-Multiple micronutrient supplementation during pregnancy.pdf,WHO (世界卫生组织),Multiple micronutrient supplementation during pregnancy,,https://www.who.int/tools/elena/interventions/micronutrients-pregnancy,WHO营养干预,
213,who-Nutrition counselling during pregnancy.pdf,WHO (世界卫生组织),Nutrition counselling during pregnancy,,https://www.who.int/tools/elena/interventions/nutrition-counselling-pregnancy,WHO营养干预,
214,who-Periconceptional folic acid supplementation to prevent neural tube defects.pdf,WHO (世界卫生组织),Periconceptional folic acid supplementation to prevent neural tube defects,,https://www.who.int/tools/elena/interventions/folate-periconceptional,WHO营养干预,
215,who-Reducing consumption of sugar-sweetened beverages to reduce the risk of childhood overweight and obesity.pdf,WHO (世界卫生组织),Reducing consumption of sugar-sweetened beverages to reduce the risk of childhood overweight and obesity,,https://www.who.int/tools/elena/interventions/ssbs-childhood-obesity,WHO营养干预,
216,who-Reducing consumption of sugar-sweetened beverages to reduce the risk of unhealthy weight gain in adults.pdf,WHO (世界卫生组织),Reducing consumption of sugar-sweetened beverages to reduce the risk of unhealthy weight gain in adults,,https://www.who.int/tools/elena/interventions/ssbs-adult-weight,WHO营养干预,
217,who-Reducing free sugars intake in adults to reduce the risk of noncommunicable diseases.pdf,WHO (世界卫生组织),Reducing free sugars intake in adults to reduce the risk of noncommunicable diseases,,https://www.who.int/tools/elena/interventions/free-sugars-adults-ncds,WHO营养干预,
218,who-Reducing free sugars intake in children to reduce the risk of noncommunicable diseases.pdf,WHO (世界卫生组织),Reducing free sugars intake in children to reduce the risk of noncommunicable diseases,,https://www.who.int/tools/elena/interventions/free-sugars-children-ncds,WHO营养干预,
219,who-Reducing sodium intake to control blood pressure in children.pdf,WHO (世界卫生组织),Reducing sodium intake to control blood pressure in children,,https://www.who.int/tools/elena/interventions/sodium-bp-children,WHO营养干预,
220,who-Reducing sodium intake to reduce blood pressure and risk of cardiovascular diseases in adults.pdf,WHO (世界卫生组织),Reducing sodium intake to reduce blood pressure and risk of cardiovascular diseases in adults,,https://www.who.int/tools/elena/interventions/sodium-cvd-adults,WHO营养干预,
221,who-Restricting caffeine intake during pregnancy.pdf,WHO (世界卫生组织),Restricting caffeine intake during pregnancy,,https://www.who.int/tools/elena/interventions/caffeine-pregnancy,WHO营养干预,
222,who-Supplemental nutrition with dietary advice for older people affected by undernutrition.pdf,WHO (世界卫生组织),Supplemental nutrition with dietary advice for older people affected by undernutrition,,https://www.who.int/tools/elena/interventions/nutrition-older-people,WHO营养干预,
223,who-Supplementary feeding in community settings for promoting child growth.pdf,WHO (世界卫生组织),Supplementary feeding in community settings for promoting child growth,,https://www.who.int/tools/elena/interventions/child-growth,WHO营养干预,
224,who-Supplementary foods for the management of moderate acute malnutrition in children aged 6–59 months.pdf,WHO (世界卫生组织),Supplementary foods for the management of moderate acute malnutrition in children aged 6–59 months,,https://www.who.int/tools/elena/interventions/food-children-mam,WHO营养干预,
225,who-Support for mothers to initiate and establish breastfeeding after childbirth.pdf,WHO (世界卫生组织),Support for mothers to initiate and establish breastfeeding after childbirth,,https://www.who.int/tools/elena/interventions/breastfeeding-support,WHO营养干预,
226,who-Vitamin A fortification of staple foods.pdf,WHO (世界卫生组织),Vitamin A fortification of staple foods,,https://www.who.int/tools/elena/interventions/vitamina-fortification,WHO营养干预,
227,who-Vitamin A supplementation during pregnancy.pdf,WHO (世界卫生组织),Vitamin A supplementation during pregnancy,,https://www.who.int/tools/elena/interventions/vitamina-pregnancy,WHO营养干预,
228,who-Vitamin A supplementation in children with respiratory infections.pdf,WHO (世界卫生组织),Vitamin A supplementation in children with respiratory infections,,https://www.who.int/tools/elena/interventions/vitamina-pneumonia-children,WHO营养干预,
229,who-Vitamin A supplementation in infants 1–5 months of age.pdf,WHO (世界卫生组织),Vitamin A supplementation in infants 1–5 months of age,,https://www.who.int/tools/elena/interventions/vitamina-infants,WHO营养干预,
230,who-Vitamin A supplementation in infants and children 6–59 months of age.pdf,WHO (世界卫生组织),Vitamin A supplementation in infants and children 6–59 months of age,,https://www.who.int/tools/elena/interventions/vitamina-children,WHO营养干预,
231,who-Vitamin A supplementation in postpartum women.pdf,WHO (世界卫生组织),Vitamin A supplementation in postpartum women,,https://www.who.int/tools/elena/interventions/vitamina-postpartum,WHO营养干预,
232,who-Vitamin B6 supplementation during pregnancy.pdf,WHO (世界卫生组织),Vitamin B6 supplementation during pregnancy,,https://www.who.int/tools/elena/interventions/vitaminb6-pregnancy,WHO营养干预,
233,who-Vitamin D supplementation and respiratory infections in children.pdf,WHO (世界卫生组织),Vitamin D supplementation and respiratory infections in children,,https://www.who.int/tools/elena/interventions/vitamind-pneumonia-children,WHO营养干预,
234,who-Vitamin D supplementation during pregnancy.pdf,WHO (世界卫生组织),Vitamin D supplementation during pregnancy,,https://www.who.int/tools/elena/interventions/vitamind-supp-pregnancy,WHO营养干预,
235,who-Vitamin D supplementation in infants.pdf,WHO (世界卫生组织),Vitamin D supplementation in infants,,https://www.who.int/tools/elena/interventions/vitamind-infants,WHO营养干预,
236,who-Vitamin E and C supplementation during pregnancy.pdf,WHO (世界卫生组织),Vitamin E and C supplementation during pregnancy,,https://www.who.int/tools/elena/interventions/vitaminsec-pregnancy,WHO营养干预,
237,who-Zinc supplementation and growth in children.pdf,WHO (世界卫生组织),Zinc supplementation and growth in children,,https://www.who.int/tools/elena/interventions/zinc-stunting,WHO营养干预,
238,who-Zinc supplementation during pregnancy.pdf,WHO (世界卫生组织),Zinc supplementation during pregnancy,,https://www.who.int/tools/elena/interventions/zinc-pregnancy,WHO营养干预,
239,who-Zinc supplementation in children with respiratory infections.pdf,WHO (世界卫生组织),Zinc supplementation in children with respiratory infections,,https://www.who.int/tools/elena/interventions/zinc-pneumonia-children,WHO营养干预,
240,who-Zinc supplementation in the management of diarrhoea.pdf,WHO (世界卫生组织),Zinc supplementation in the management of diarrhoea,,https://www.who.int/tools/elena/interventions/zinc-diarrhoea,WHO营养干预,
241,who-Biofortification of staple crops.pdf,WHO (世界卫生组织),Biofortification of staple crops,,https://www.who.int/tools/elena/interventions/biofortification,WHO营养干预,
242,who-Breastfeeding of low-birth-weight infants.pdf,WHO (世界卫生组织),Breastfeeding of low-birth-weight infants,,https://www.who.int/tools/elena/interventions/supplementary-feeding,WHO营养干预,
243,who-Conditional cash transfer programmes and nutritional status.pdf,WHO (世界卫生组织),Conditional cash transfer programmes and nutritional status,,https://www.who.int/tools/elena/interventions/cash-transfer,WHO营养干预,
244,who-Cup-feeding for low-birth-weight infants unable to fully breastfeed.pdf,WHO (世界卫生组织),Cup-feeding for low-birth-weight infants unable to fully breastfeed,,https://www.who.int/tools/elena/interventions/cupfeeding-infants,WHO营养干预,
245,who-Daily iron and folic acid supplementation during pregnancy in malaria-endemic areas.pdf,WHO (世界卫生组织),Daily iron and folic acid supplementation during pregnancy in malaria-endemic areas,,https://www.who.int/tools/elena/interventions/daily-iron-pregnancy-malaria,WHO营养干预,
246,who-Daily iron supplementation in children 24–59 months of age in malaria-endemic areas.pdf,WHO (世界卫生组织),Daily iron supplementation in children 24–59 months of age in malaria-endemic areas,,https://www.who.int/tools/elena/interventions/iron-children-24to59-malaria,WHO营养干预,
247,who-Daily iron supplementation in children 6-23 months of age in malaria-endemic areas.pdf,WHO (世界卫生组织),Daily iron supplementation in children 6-23 months of age in malaria-endemic areas,,https://www.who.int/tools/elena/interventions/iron-children-6to23-malaria,WHO营养干预,
248,who-Daily iron supplementation in children and adolescents 5–12 years of age in malaria-endemic areas.pdf,WHO (世界卫生组织),Daily iron supplementation in children and adolescents 5–12 years of age in malaria-endemic areas,,https://www.who.int/tools/elena/interventions/iron-children-5to12-malaria,WHO营养干预,
249,who-Demand feeding for low-birth-weight infants.pdf,WHO (世界卫生组织),Demand feeding for low-birth-weight infants,,https://www.who.int/tools/elena/interventions/demandfeeding-infants,WHO营养干预,
250,who-Deworming in children.pdf,WHO (世界卫生组织),Deworming in children,,https://www.who.int/tools/elena/interventions/deworming,WHO营养干预,
251,who-Deworming in non-pregnant adolescent girls and women of reproductive age.pdf,WHO (世界卫生组织),Deworming in non-pregnant adolescent girls and women of reproductive age,,https://www.who.int/tools/elena/interventions/deworming-women,WHO营养干预,
252,who-Deworming in pregnant women.pdf,WHO (世界卫生组织),Deworming in pregnant women,,https://www.who.int/tools/elena/interventions/deworming-pregnancy,WHO营养干预,
253,who-Donor human milk for low-birth-weight infants.pdf,WHO (世界卫生组织),Donor human milk for low-birth-weight infants,,https://www.who.int/tools/elena/interventions/donormilk-infants,WHO营养干预,
254,who-Feeding of very-low-birth-weight infants.pdf,WHO (世界卫生组织),Feeding of very-low-birth-weight infants,,https://www.who.int/tools/elena/interventions/feeding-vlbw-infants,WHO营养干预,
255,who-Fluid management in severely malnourished children under 5 years of age with shock.pdf,WHO (世界卫生组织),Fluid management in severely malnourished children under 5 years of age with shock,,https://www.who.int/tools/elena/interventions/shock-sam,WHO营养干预,
256,who-Fluid management in severely malnourished children under 5 years of age without shock.pdf,WHO (世界卫生组织),Fluid management in severely malnourished children under 5 years of age without shock,,https://www.who.int/tools/elena/interventions/dehydration-sam,WHO营养干预,
257,who-Fortification of maize flour and corn meal.pdf,WHO (世界卫生组织),Fortification of maize flour and corn meal,,https://www.who.int/tools/elena/interventions/maize-fortification,WHO营养干预,
258,who-Fortification of rice.pdf,WHO (世界卫生组织),Fortification of rice,,https://www.who.int/tools/elena/interventions/rice-fortification,WHO营养干预,
259,who-Fortification of wheat flour.pdf,WHO (世界卫生组织),Fortification of wheat flour,,https://www.who.int/tools/elena/interventions/wheat-flour-fortification,WHO营养干预,
260,who-Identification of severe acute malnutrition in children 6–59 months of age.pdf,WHO (世界卫生组织),Identification of severe acute malnutrition in children 6–59 months of age,,https://www.who.int/tools/elena/interventions/sam-identification,WHO营养干预,
261,who-Identification of severe acute malnutrition in infants under 6 months of age.pdf,WHO (世界卫生组织),Identification of severe acute malnutrition in infants under 6 months of age,,https://www.who.int/tools/elena/interventions/sam-identification-infants,WHO营养干预,
262,who-Identification of severe acute malnutrition requiring inpatient care in children 6–59 months of age.pdf,WHO (世界卫生组织),Identification of severe acute malnutrition requiring inpatient care in children 6–59 months of age,,https://www.who.int/tools/elena/interventions/sam-identification-inpatient,WHO营养干预,
263,who-Implementation of the Baby-friendly Hospital Initiative.pdf,WHO (世界卫生组织),Implementation of the Baby-friendly Hospital Initiative,,https://www.who.int/tools/elena/interventions/implementation-bfhi,WHO营养干预,
264,who-Infant feeding for the prevention of mother-to-child transmission of HIV.pdf,WHO (世界卫生组织),Infant feeding for the prevention of mother-to-child transmission of HIV,,https://www.who.int/tools/elena/interventions/hiv-infant-feeding,WHO营养干预,
265,who-Infant feeding in areas of Zika virus transmission.pdf,WHO (世界卫生组织),Infant feeding in areas of Zika virus transmission,,https://www.who.int/tools/elena/interventions/zika-breastfeeding,WHO营养干预,
266,who-Insecticide-treated nets to reduce the risk of malaria in pregnant women.pdf,WHO (世界卫生组织),Insecticide-treated nets to reduce the risk of malaria in pregnant women,,https://www.who.int/tools/elena/interventions/bednets-malaria-pregnancy,WHO营养干预,
267,who-Intermittent iron and folic acid supplementation during pregnancy in malaria-endemic areas.pdf,WHO (世界卫生组织),Intermittent iron and folic acid supplementation during pregnancy in malaria-endemic areas,,https://www.who.int/tools/elena/interventions/intermittent-iron-pregnancy-malaria,WHO营养干预,
268,who-Intermittent iron and folic acid supplementation in adult women and adolescent girls in malaria-endemic areas.pdf,WHO (世界卫生组织),Intermittent iron and folic acid supplementation in adult women and adolescent girls in malaria-endemic areas,,https://www.who.int/tools/elena/interventions/iron-women-malaria,WHO营养干预,
269,who-Intermittent iron supplementation in preschool and school-age children in malaria-endemic areas.pdf,WHO (世界卫生组织),Intermittent iron supplementation in preschool and school-age children in malaria-endemic areas,,https://www.who.int/tools/elena/interventions/iron-intermittent-children-malaria,WHO营养干预,
270,who-Intermittent preventative treatment to reduce the risk of malaria during pregnancy.pdf,WHO (世界卫生组织),Intermittent preventative treatment to reduce the risk of malaria during pregnancy,,https://www.who.int/tools/elena/interventions/iptp-pregnancy,WHO营养干预,
271,who-Iodization of salt for the prevention and control of iodine deficiency disorders.pdf,WHO (世界卫生组织),Iodization of salt for the prevention and control of iodine deficiency disorders,,https://www.who.int/tools/elena/interventions/salt-iodization,WHO营养干预,
272,who-Iron supplementation with or without folic acid to reduce the risk of postpartum anaemia in malaria-endemic areas.pdf,WHO (世界卫生组织),Iron supplementation with or without folic acid to reduce the risk of postpartum anaemia in malaria-endemic areas,,https://www.who.int/tools/elena/interventions/iron-postpartum-malaria,WHO营养干预,
273,who-Kangaroo mother care to reduce morbidity and mortality in low-birth-weight infants.pdf,WHO (世界卫生组织),Kangaroo mother care to reduce morbidity and mortality in low-birth-weight infants,,https://www.who.int/tools/elena/interventions/kangaroo-care-infants,WHO营养干预,
274,who-Management of HIV-infected children under 5 years of age with severe acute malnutrition.pdf,WHO (世界卫生组织),Management of HIV-infected children under 5 years of age with severe acute malnutrition,,https://www.who.int/tools/elena/interventions/hiv-sam,WHO营养干预,
275,who-Management of infants under 6 months of age with severe acute malnutrition.pdf,WHO (世界卫生组织),Management of infants under 6 months of age with severe acute malnutrition,,https://www.who.int/tools/elena/interventions/sam-infants,WHO营养干预,
276,who-Management of moderate undernutrition in individuals with active tuberculosis.pdf,WHO (世界卫生组织),Management of moderate undernutrition in individuals with active tuberculosis,,https://www.who.int/tools/elena/interventions/mam-tuberculosis,WHO营养干预,
277,who-Management of severe acute malnutrition in children 6–59 months of age with oedema.pdf,WHO (世界卫生组织),Management of severe acute malnutrition in children 6–59 months of age with oedema,,https://www.who.int/tools/elena/interventions/oedema-sam,WHO营养干预,
278,who-Management of severe acute malnutrition in individuals with active tuberculosis.pdf,WHO (世界卫生组织),Management of severe acute malnutrition in individuals with active tuberculosis,,https://www.who.int/tools/elena/interventions/sam-tuberculosis,WHO营养干预,
279,who-Micronutrient intake in children with severe acute malnutrition.pdf,WHO (世界卫生组织),Micronutrient intake in children with severe acute malnutrition,,https://www.who.int/tools/elena/interventions/micronutrients-sam,WHO营养干预,
280,who-Micronutrient supplementation in HIV-infected women during pregnancy.pdf,WHO (世界卫生组织),Micronutrient supplementation in HIV-infected women during pregnancy,,https://www.who.int/tools/elena/interventions/micronutrients-hiv-pregnancy,WHO营养干预,
281,who-Micronutrient supplementation in individuals with active tuberculosis.pdf,WHO (世界卫生组织),Micronutrient supplementation in individuals with active tuberculosis,,https://www.who.int/tools/elena/interventions/micronutrients-tuberculosis,WHO营养干预,
282,who-Micronutrient supplementation in low-birth-weight and very-low-birth-weight infants.pdf,WHO (世界卫生组织),Micronutrient supplementation in low-birth-weight and very-low-birth-weight infants,,https://www.who.int/tools/elena/interventions/supplementation-lbw-infants,WHO营养干预,
283,who-Mother’s milk for low-birth-weight infants.pdf,WHO (世界卫生组织),Mother’s milk for low-birth-weight infants,,https://www.who.int/tools/elena/interventions/mothersmilk-infants,WHO营养干预,
284,who-Nutrition assessment and counselling in individuals with active tuberculosis.pdf,WHO (世界卫生组织),Nutrition assessment and counselling in individuals with active tuberculosis,,https://www.who.int/tools/elena/interventions/nutrition-tuberculosis,WHO营养干预,
285,who-Nutrition counselling for adolescents and adults with HIV／AIDS.pdf,WHO (世界卫生组织),Nutrition counselling for adolescents and adults with HIV/AIDS,,https://www.who.int/tools/elena/interventions/nutrition-hiv,WHO营养干预,
286,who-Nutritional care of children and adults with Ebola virus disease in treatment centres.pdf,WHO (世界卫生组织),Nutritional care of children and adults with Ebola virus disease in treatment centres,,https://www.who.int/tools/elena/interventions/nutrition-ebola,WHO营养干预,
287,who-Nutritional care of HIV-infected children.pdf,WHO (世界卫生组织),Nutritional care of HIV-infected children,,https://www.who.int/tools/elena/interventions/nutrition-hiv-children,WHO营养干预,
288,who-Optimal timing of cord clamping for the prevention of iron deficiency anaemia in infants.pdf,WHO (世界卫生组织),Optimal timing of cord clamping for the prevention of iron deficiency anaemia in infants,,https://www.who.int/tools/elena/interventions/cord-clamping,WHO营养干预,
289,who-Reducing the impact of marketing of foods and non-alcoholic beverages on children.pdf,WHO (世界卫生组织),Reducing the impact of marketing of foods and non-alcoholic beverages on children,,https://www.who.int/tools/elena/interventions/food-marketing-children,WHO营养干预,
290,who-Regulation of marketing breast-milk substitutes.pdf,WHO (世界卫生组织),Regulation of marketing breast-milk substitutes,,https://www.who.int/tools/elena/interventions/regulation-breast-milk-substitutes,WHO营养干预,
291,who-Standard formula for low-birth-weight infants following hospital discharge.pdf,WHO (世界卫生组织),Standard formula for low-birth-weight infants following hospital discharge,,https://www.who.int/tools/elena/interventions/formula-infants,WHO营养干预,
292,who-Therapeutic feeding of children 6–59 months of age with severe acute malnutrition and acute or persistent diarrhoea.pdf,WHO (世界卫生组织),Therapeutic feeding of children 6–59 months of age with severe acute malnutrition and acute or persistent diarrhoea,,https://www.who.int/tools/elena/interventions/diarrhoea-sam,WHO营养干预,
293,who-Transition feeding of children 6–59 months of age with severe acute malnutrition.pdf,WHO (世界卫生组织),Transition feeding of children 6–59 months of age with severe acute malnutrition,,https://www.who.int/tools/elena/interventions/transition-feeding-sam,WHO营养干预,
294,who-Treatment of hypoglycaemia in children with severe acute malnutrition.pdf,WHO (世界卫生组织),Treatment of hypoglycaemia in children with severe acute malnutrition,,https://www.who.int/tools/elena/interventions/hypoglycaemia-sam,WHO营养干预,
295,who-Treatment of hypothermia in children with severe acute malnutrition.pdf,WHO (世界卫生组织),Treatment of hypothermia in children with severe acute malnutrition,,https://www.who.int/tools/elena/interventions/hypothermia-sam,WHO营养干预,
296,who-Use of antibiotics in the outpatient management of children 6-59 months of age with severe acute malnutrition.pdf,WHO (世界卫生组织),Use of antibiotics in the outpatient management of children 6-59 months of age with severe acute malnutrition,,https://www.who.int/tools/elena/interventions/antibiotics-sam,WHO营养干预,
297,who-Use of ferritin concentrations to assess iron status in individuals and populations.pdf,WHO (世界卫生组织),Use of ferritin concentrations to assess iron status in individuals and populations,,https://www.who.int/tools/elena/interventions/ferritin-concentrations,WHO营养干预,
298,who-Vitamin A supplementation in children 6–59 months of age with severe acute malnutrition.pdf,WHO (世界卫生组织),Vitamin A supplementation in children 6–59 months of age with severe acute malnutrition,,https://www.who.int/tools/elena/interventions/vitamina-sam,WHO营养干预,
299,who-Vitamin A supplementation in HIV-infected adults.pdf,WHO (世界卫生组织),Vitamin A supplementation in HIV-infected adults,,https://www.who.int/tools/elena/interventions/vitamina-hiv-adults,WHO营养干预,
300,who-Vitamin A supplementation in HIV-infected infants and children 6–59 months of age.pdf,WHO (世界卫生组织),Vitamin A supplementation in HIV-infected infants and children 6–59 months of age,,https://www.who.int/tools/elena/interventions/vitamina-children-hiv,WHO营养干预,
301,who-Vitamin A supplementation in HIV-infected women during pregnancy.pdf,WHO (世界卫生组织),Vitamin A supplementation in HIV-infected women during pregnancy,,https://www.who.int/tools/elena/interventions/vitamina-hiv-pregnancy,WHO营养干预,
302,who-Vitamin A supplementation in neonates.pdf,WHO (世界卫生组织),Vitamin A supplementation in neonates,,https://www.who.int/tools/elena/interventions/vitamina-neonatal,WHO营养干预,
303,who-Vitamin E supplementation for the prevention of morbidity and mortality in preterm infants.pdf,WHO (世界卫生组织),Vitamin E supplementation for the prevention of morbidity and mortality in preterm infants,,https://www.who.int/tools/elena/interventions/vitamine-preterm,WHO营养干预,
304,"who-Water, sanitation and hygiene interventions to prevent diarrhoea.pdf",WHO (世界卫生组织),"Water, sanitation and hygiene interventions to prevent diarrhoea",,https://www.who.int/tools/elena/interventions/wsh-diarrhoea,WHO营养干预,
